{
  "r2_score": 0.11265338915595402,
  "rmse": 3.095443395593451,
  "n_samples_total": 336,
  "n_train": 268,
  "n_test": 68
}